,Mw,Mn,PDI,M_max
Reference,139256.98990171772,28176.234179180832,4.942356349544165,2.8896816493032833e+19
