,Mw,Mn,PDI,M_max,Mw[g/mol],Mn[g/mol],M_max[g/mol]
Reference,,,4.942356349544165,,139256.98990171772,28176.234179180832,92609.00125217755
